[
  {
    "image": "product1.jpg",
    "title": "Anker Soundcore",
    "desc": "Hybrid active Noise Canceling Headphones",
    "price": 59
  },
  {
    "image": "product2.jpg",
    "title": "Sony MDRZX110NC",
    "desc": "Noise Canceling Headphones, Cable, Black",
    "price": 79
  },
  {
    "image": "product3.jpg",
    "title": "Bose Soundlink",
    "desc": "Around Ear Wireless Headphones II, Black",
    "price": 55
  },
  {
    "image": "product4.jpg",
    "title": "iJoy Matte",
    "desc": "Finish Premium Rechargeable Wireless Headphones",
    "price": 65
  },
  {
    "image": "product5.jpg",
    "title": "Beats Solo 3",
    "desc": "Wireless On-Ear Headphones - Apple W1",
    "price": 70
  },
  {
    "image": "product6.jpg",
    "title": "Sony WH-1000XM4",
    "desc": "Wireless Industry Leading Noise Canceling",
    "price": 99
  },
  {
    "image": "product3.jpg",
    "title": "Sony ABC",
    "desc": "Wireless Industry Leading Noise Canceling",
    "price": 125
  }
]
